{
    "quizList": [
        {
            "id": 10020001
            , "question": [
                "これは、もんだい１－２－１です。あいうえおかきくけこさしすせそたちつてと"
                , "問題文の２行目です。"
                , ""
                , "問題文の４行目です。"
            ]
            , "correct": "せいかい１－２－１☆"
            , "wrong": ["こたえ１－２－１－Ａ", "こたえ１－２－１－Ｂ", "こたえ１－２－１－Ｃ"]
        }
        , {
            "id": 10020002
            , "question": [
                "これは、もんだい１－２－２です。あいうえおかきくけこさしすせそたちつてと"
                , "問題文の２行目です。"
                , ""
                , "問題文の４行目です。"
            ]
            , "correct": "せいかい１－２－２☆"
            , "wrong": ["こたえ１－２－２－Ａ", "こたえ１－２－２－Ｂ", "こたえ１－２－２－Ｃ"]
        }
        , {
            "id": 10020003
            , "question": [
                "これは、もんだい１－２－３です。あいうえおかきくけこさしすせそたちつてと"
                , "問題文の２行目です。"
                , ""
                , "問題文の４行目です。"
            ]
            , "correct": "せいかい１－２－３☆"
            , "wrong": ["こたえ１－２－３－Ａ", "こたえ１－２－３－Ｂ", "こたえ１－２－３－Ｃ"]
        }
        , {
            "id": 10020004
            , "question": [
                "これは、もんだい１－２－４です。あいうえおかきくけこさしすせそたちつてと"
                , "問題文の２行目です。"
                , ""
                , "問題文の４行目です。"
            ]
            , "correct": "せいかい１－２－４☆"
            , "wrong": ["こたえ１－２－４－Ａ", "こたえ１－２－４－Ｂ", "こたえ１－２－４－Ｃ"]
        }
        , {
            "id": 10020005
            , "question": [
                "これは、もんだい１－２－５です。あいうえおかきくけこさしすせそたちつてと"
                , "問題文の２行目です。"
                , ""
                , "問題文の４行目です。"
            ]
            , "correct": "せいかい１－２－５☆"
            , "wrong": ["こたえ１－２－５－Ａ", "こたえ１－２－５－Ｂ", "こたえ１－２－５－Ｃ"]
        }
    ]
}
