{
    "quizList": [
        {
            "id": 10010001
            , "question": [
                "これは、もんだい１－１－１です。あいうえおかきくけこさしすせそたちつてと"
                , "問題文の２行目です。"
                , ""
                , "問題文の４行目です。"
            ]
            , "correct": "せいかい１－１－１☆"
            , "wrong": ["こたえ１－１－１－Ａ", "こたえ１－１－１－Ｂ", "こたえ１－１－１－Ｃ"]
        }
        , {
            "id": 10010002
            , "question": [
                "これは、もんだい１－１－２です。あいうえおかきくけこさしすせそたちつてと"
                , "問題文の２行目です。"
                , ""
                , "問題文の４行目です。"
            ]
            , "correct": "せいかい１－１－２☆"
            , "wrong": ["こたえ１－１－２－Ａ", "こたえ１－１－２－Ｂ", "こたえ１－１－２－Ｃ"]
        }
        , {
            "id": 10010003
            , "question": [
                "これは、もんだい１－１－３です。あいうえおかきくけこさしすせそたちつてと"
                , "問題文の２行目です。"
                , ""
                , "問題文の４行目です。"
            ]
            , "correct": "せいかい１－１－３☆"
            , "wrong": ["こたえ１－１－３－Ａ", "こたえ１－１－３－Ｂ", "こたえ１－１－３－Ｃ"]
        }
        , {
            "id": 10010004
            , "question": [
                "これは、もんだい１－１－４です。あいうえおかきくけこさしすせそたちつてと"
                , "問題文の２行目です。"
                , ""
                , "問題文の４行目です。"
            ]
            , "correct": "せいかい１－１－４☆"
            , "wrong": ["こたえ１－１－４－Ａ", "こたえ１－１－４－Ｂ", "こたえ１－１－４－Ｃ"]
        }
        , {
            "id": 10010005
            , "question": [
                "これは、もんだい１－１－５です。あいうえおかきくけこさしすせそたちつてと"
                , "問題文の２行目です。"
                , ""
                , "問題文の４行目です。"
            ]
            , "correct": "せいかい１－１－５☆"
            , "wrong": ["こたえ１－１－５－Ａ", "こたえ１－１－５－Ｂ", "Notせいかい１－１－５☆"]
        }
        , {
            "id": 10010006
            , "question": [
                "これは、もんだい１－１－６です。あいうえおかきくけこさしすせそたちつてと"
                , "問題文の２行目です。"
                , ""
                , "問題文の４行目です。"
            ]
            , "correct": "せいかい１－１－６☆"
            , "wrong": ["こたえ１－１－６－Ａ", "こたえ１－１－６－Ｂ", "せいかい１－１－６☆じゃないよ"]
        }
        , {
            "id": 10010007
            , "question": [
                "これは、もんだい１－１－７です。あいうえおかきくけこさしすせそたちつてと"
                , "問題文の２行目です。"
                , ""
                , "問題文の４行目です。"
            ]
            , "correct": "せいかい１－１－７☆"
            , "wrong": ["こたえ１－１－７－Ａ", "こたえ１－１－７－Ｂ", "Notせいかい１－１－７☆"]
        }
        , {
            "id": 10010008
            , "question": [
                "これは、もんだい１－１－８です。あいうえおかきくけこさしすせそたちつてと"
                , "問題文の２行目です。"
                , ""
                , "問題文の４行目です。"
            ]
            , "correct": "せいかい１－１－８☆"
            , "wrong": ["こたえ１－１－８－Ａ", "こたえ１－１－８－Ｂ", "Notせいかい１－１－８☆"]
        }
        , {
            "id": 10010009
            , "question": [
                "これは、もんだい１－１－９です。あいうえおかきくけこさしすせそたちつてと"
                , "問題文の２行目です。"
                , ""
                , "問題文の４行目です。"
            ]
            , "correct": "せいかい１－１－９☆"
            , "wrong": ["こたえ１－１－９－Ａ", "こたえ１－１－９－Ｂ", "せいかい１－１－９☆じゃないよ"]
        }
        , {
            "id": 10010010
            , "question": [
                "これは、もんだい１－１－１０です。あいうえおかきくけこさしすせそたちつてと"
                , "問題文の２行目です。"
                , ""
                , "問題文の４行目です。"
            ]
            , "correct": "せいかい１－１－１０☆"
            , "wrong": ["こたえ１－１－１０－Ａ", "こたえ１－１－１０－Ｂ", "せいかい１－１－１０☆じゃないよ"]
        }
    ]
}
